Movie Name,Year of Release,Run Time in minutes,Movie Rating,Votes,Genre,Director,Stars,Description,data_extracao
It's a Wonderful Life,1946,130,8.6,479743,"['Drama', ' Family', ' Fantasy']",['Frank Capra'],"['James Stewart', 'Donna Reed', 'Lionel Barrymore', 'Thomas Mitchell']","['An', 'angel', 'is', 'sent', 'from', 'Heaven', 'to', 'help', 'a', 'desperately', 'frustrated', 'businessman', 'by', 'showing', 'him', 'what', 'life', 'would', 'have', 'been', 'like', 'if', 'he', 'had', 'never', 'existed.']",2026-03-17
Casablanca,1942,102,8.5,592666,"['Drama', ' Romance', ' War']",['Michael Curtiz'],"['Humphrey Bogart', 'Ingrid Bergman', 'Paul Henreid', 'Claude Rains']","['A', 'cynical', 'expatriate', 'American', 'cafe', 'owner', 'struggles', 'to', 'decide', 'whether', 'or', 'not', 'to', 'help', 'his', 'former', 'lover', 'and', 'her', 'fugitive', 'husband', 'escape', 'the', 'Nazis', 'in', 'French', 'Morocco.']",2026-03-17
The Great Dictator,1940,125,8.4,232323,"['Comedy', ' Drama', ' War']",['Charles Chaplin'],"['Charles Chaplin', 'Paulette Goddard', 'Jack Oakie', 'Reginald Gardiner']","['Dictator', 'Adenoid', 'Hynkel', 'tries', 'to', 'expand', 'his', 'empire', 'while', 'a', 'poor', 'Jewish', 'barber', 'tries', 'to', 'avoid', 'persecution', 'from', ""Hynkel's"", 'regime.']",2026-03-17
Citizen Kane,1941,119,8.3,456832,"['Drama', ' Mystery']",['Orson Welles'],"['Orson Welles', 'Joseph Cotten', 'Dorothy Comingore', 'Agnes Moorehead']","['Following', 'the', 'death', 'of', 'publishing', 'tycoon', 'Charles', 'Foster', 'Kane,', 'reporters', 'scramble', 'to', 'uncover', 'the', 'meaning', 'of', 'his', 'final', 'utterance:', ""'Rosebud.'""]",2026-03-17
Double Indemnity,1944,107,8.3,163505,"['Crime', ' Drama', ' Film-Noir']",['Billy Wilder'],"['Fred MacMurray', 'Barbara Stanwyck', 'Edward G. Robinson', 'Byron Barr']","['A', 'Los', 'Angeles', 'insurance', 'representative', 'lets', 'an', 'alluring', 'housewife', 'seduce', 'him', 'into', 'a', 'scheme', 'of', 'insurance', 'fraud', 'and', 'murder', 'that', 'arouses', 'the', 'suspicion', 'of', 'his', 'colleague,', 'an', 'insurance', 'investigator.']",2026-03-17
Bicycle Thieves,1948,89,8.3,170630,['Drama'],['Vittorio De Sica'],"['Lamberto Maggiorani', 'Enzo Staiola', 'Lianella Carell', 'Elena Altieri']","['In', 'post-war', 'Italy,', 'a', 'working-class', ""man's"", 'bicycle', 'is', 'stolen,', 'endangering', 'his', 'efforts', 'to', 'find', 'work.', 'He', 'and', 'his', 'son', 'set', 'out', 'to', 'find', 'it.']",2026-03-17
Children of Paradise,1945,189,8.3,20741,"['Drama', ' Romance']",['Marcel Carné'],"['Arletty', 'Jean-Louis Barrault', 'Pierre Brasseur', 'Pierre Renoir']","['The', 'theatrical', 'life', 'of', 'a', 'beautiful', 'courtesan', 'in', '1830s', 'Paris', 'and', 'the', 'four', 'men', 'who', 'love', 'her.']",2026-03-17
The Treasure of the Sierra Madre,1948,126,8.2,129879,"['Adventure', ' Drama', ' Western']",['John Huston'],"['Humphrey Bogart', 'Walter Huston', 'Tim Holt', 'Bruce Bennett']","['Two', 'down-on-their-luck', 'Americans', 'searching', 'for', 'work', 'in', '1920s', 'Mexico', 'convince', 'an', 'old', 'prospector', 'to', 'help', 'them', 'mine', 'for', 'gold', 'in', 'the', 'Sierra', 'Madre', 'Mountains.']",2026-03-17
To Be or Not to Be,1942,99,8.2,40987,"['Comedy', ' Romance', ' War']",['Ernst Lubitsch'],"['Carole Lombard', 'Jack Benny', 'Robert Stack', 'Felix Bressart']","['During', 'the', 'Nazi', 'occupation', 'of', 'Poland,', 'an', 'acting', 'troupe', 'becomes', 'embroiled', 'in', 'a', 'Polish', ""soldier's"", 'efforts', 'to', 'track', 'down', 'a', 'German', 'spy.']",2026-03-17
Late Spring,1949,108,8.2,18433,['Drama'],['Yasujirô Ozu'],"['Chishû Ryû', 'Setsuko Hara', 'Yumeji Tsukioka', 'Haruko Sugimura']","['Several', 'people', 'try', 'to', 'talk', '27-year-old', 'Noriko', 'into', 'marrying,', 'but', 'all', 'she', 'wants', 'is', 'to', 'keep', 'on', 'caring', 'for', 'her', 'widowed', 'father.']",2026-03-17
The Third Man,1949,93,8.1,177935,"['Film-Noir', ' Mystery', ' Thriller']",['Carol Reed'],"['Orson Welles', 'Joseph Cotten', 'Alida Valli', 'Trevor Howard']","['Pulp', 'novelist', 'Holly', 'Martins', 'travels', 'to', 'shadowy,', 'postwar', 'Vienna,', 'only', 'to', 'find', 'himself', 'investigating', 'the', 'mysterious', 'death', 'of', 'an', 'old', 'friend,', 'Harry', 'Lime.']",2026-03-17
Rebecca,1940,130,8.1,143189,"['Drama', ' Film-Noir', ' Mystery']",['Alfred Hitchcock'],"['Laurence Olivier', 'Joan Fontaine', 'George Sanders', 'Judith Anderson']","['A', 'self-conscious', 'woman', 'juggles', 'adjusting', 'to', 'her', 'new', 'role', 'as', 'an', ""aristocrat's"", 'wife', 'and', 'avoiding', 'being', 'intimidated', 'by', 'his', 'first', ""wife's"", 'spectral', 'presence.']",2026-03-17
The Grapes of Wrath,1940,129,8.1,97763,['Drama'],['John Ford'],"['Henry Fonda', 'Jane Darwell', 'John Carradine', 'Charley Grapewin']","['An', 'Oklahoma', 'family,', 'driven', 'off', 'their', 'farm', 'by', 'the', 'poverty', 'and', 'hopelessness', 'of', 'the', 'Dust', 'Bowl,', 'joins', 'the', 'westward', 'migration', 'to', 'California,', 'suffering', 'the', 'misfortunes', 'of', 'the', 'homeless', 'in', 'the', 'Great', 'Depression.']",2026-03-17
The Best Years of Our Lives,1946,170,8.1,68478,"['Drama', ' Romance', ' War']",['William Wyler'],"['Myrna Loy', 'Dana Andrews', 'Fredric March', 'Teresa Wright']","['Three', 'World', 'War', 'II', 'veterans,', 'two', 'of', 'them', 'traumatized', 'or', 'disabled,', 'return', 'home', 'to', 'the', 'American', 'midwest', 'to', 'discover', 'that', 'they', 'and', 'their', 'families', 'have', 'been', 'irreparably', 'changed.']",2026-03-17
The Red Shoes,1948,135,8.1,37668,"['Drama', ' Music', ' Romance']","['Michael Powell', 'Emeric Pressburger']","['Anton Walbrook', 'Marius Goring', 'Moira Shearer', 'Robert Helpmann']","['A', 'young', 'ballet', 'dancer', 'is', 'torn', 'between', 'the', 'man', 'she', 'loves', 'and', 'her', 'pursuit', 'to', 'become', 'a', 'prima', 'ballerina.']",2026-03-17
White Heat,1949,114,8.1,34853,"['Action', ' Crime', ' Drama']",['Raoul Walsh'],"['James Cagney', 'Virginia Mayo', ""Edmond O'Brien"", 'Margaret Wycherly']","['A', 'psychopathic', 'criminal', 'with', 'a', 'mother', 'complex', 'makes', 'a', 'daring', 'break', 'from', 'prison', 'and', 'leads', 'his', 'old', 'gang', 'in', 'a', 'chemical', 'plant', 'payroll', 'heist.']",2026-03-17
The Heiress,1949,115,8.1,16702,"['Drama', ' Romance']",['William Wyler'],"['Olivia de Havilland', 'Montgomery Clift', 'Ralph Richardson', 'Miriam Hopkins']","['A', 'naive', 'young', 'woman', 'falls', 'for', 'a', 'handsome', 'young', 'man', 'her', 'emotionally', 'abusive', 'father', 'suspects', 'is', 'only', 'a', 'fortune', 'hunter.']",2026-03-17
Day of Wrath,1943,110,8.1,10809,"['Drama', ' History']",['Carl Theodor Dreyer'],"['Thorkild Roose', 'Lisbeth Movin', 'Sigrid Neiiendam', 'Kirsten Andreasen']","['The', 'young', 'wife', 'of', 'an', 'aging', 'priest', 'falls', 'in', 'love', 'with', 'his', 'son', 'amidst', 'the', 'horror', 'of', 'a', 'merciless', 'witch', 'hunt', 'in', '17th-century', 'Denmark.']",2026-03-17
The Shop Around the Corner,1940,99,8.0,36136,"['Comedy', ' Drama', ' Romance']",['Ernst Lubitsch'],"['Margaret Sullavan', 'James Stewart', 'Frank Morgan', 'Joseph Schildkraut']","['Two', 'employees', 'at', 'a', 'gift', 'shop', 'can', 'barely', 'stand', 'each', 'other,', 'without', 'realizing', 'that', 'they', 'are', 'falling', 'in', 'love', 'through', 'the', 'post', 'as', 'each', ""other's"", 'anonymous', 'pen', 'pal.']",2026-03-17
The Maltese Falcon,1941,100,8.0,163929,"['Crime', ' Film-Noir', ' Mystery']",['John Huston'],"['Humphrey Bogart', 'Mary Astor', 'Gladys George', 'Peter Lorre']","['San', 'Francisco', 'private', 'detective', 'Sam', 'Spade', 'takes', 'on', 'a', 'case', 'that', 'involves', 'him', 'with', 'three', 'eccentric', 'criminals,', 'a', 'gorgeous', 'liar', 'and', 'their', 'quest', 'for', 'a', 'priceless', 'statuette,', 'with', 'the', 'stakes', 'rising', 'after', 'his', 'partner', 'is', 'murdered.']",2026-03-17
Brief Encounter,1945,86,8.0,42794,"['Drama', ' Romance']",['David Lean'],"['Celia Johnson', 'Trevor Howard', 'Stanley Holloway', 'Joyce Carey']","['Meeting', 'a', 'stranger', 'in', 'a', 'railway', 'station,', 'a', 'woman', 'is', 'tempted', 'to', 'cheat', 'on', 'her', 'husband.']",2026-03-17
Out of the Past,1947,97,8.0,39704,"['Crime', ' Drama', ' Film-Noir']",['Jacques Tourneur'],"['Robert Mitchum', 'Jane Greer', 'Kirk Douglas', 'Rhonda Fleming']","['A', 'private', 'eye', 'escapes', 'his', 'past', 'to', 'run', 'a', 'gas', 'station', 'in', 'a', 'small', 'town,', 'but', 'his', 'past', 'catches', 'up', 'with', 'him.', 'Now', 'he', 'must', 'return', 'to', 'the', 'big', 'city', 'world', 'of', 'danger,', 'corruption,', 'double', 'crosses,', 'and', 'duplicitous', 'dames.']",2026-03-17
Stairway to Heaven,1946,104,8.0,23717,"['Drama', ' Fantasy', ' Romance']","['Michael Powell', 'Emeric Pressburger']","['David Niven', 'Kim Hunter', 'Robert Coote', 'Kathleen Byron']","['A', 'British', 'wartime', 'aviator', 'who', 'cheats', 'death', 'must', 'argue', 'for', 'his', 'life', 'before', 'a', 'celestial', 'court,', 'hoping', 'to', 'prolong', 'his', 'fledgling', 'romance', 'with', 'an', 'American', 'girl.']",2026-03-17
Kind Hearts and Coronets,1949,106,8.0,38913,"['Comedy', ' Crime']",['Robert Hamer'],"['Dennis Price', 'Alec Guinness', 'Valerie Hobson', 'Joan Greenwood']","['A', 'distant', 'poor', 'relative', 'of', 'the', 'Duke', ""D'Ascoyne"", 'plots', 'to', 'inherit', 'the', 'title', 'by', 'murdering', 'the', 'eight', 'other', 'heirs', 'who', 'stand', 'ahead', 'of', 'him', 'in', 'the', 'line', 'of', 'succession.']",2026-03-17
"Rome, Open City",1945,103,8.0,28155,"['Drama', ' Thriller', ' War']",['Roberto Rossellini'],"['Anna Magnani', 'Aldo Fabrizi', 'Marcello Pagliero', 'Vito Annichiarico']","['During', 'the', 'Nazi', 'occupation', 'of', 'Rome', 'in', '1944,', 'the', 'Resistance', 'leader,', 'Giorgio', 'Manfredi,', 'is', 'chased', 'by', 'the', 'Nazis', 'as', 'he', 'seeks', 'refuge', 'and', 'a', 'way', 'to', 'escape.']",2026-03-17
The Life and Death of Colonel Blimp,1943,163,8.0,15824,"['Drama', ' Romance', ' War']","['Michael Powell', 'Emeric Pressburger']","['Roger Livesey', 'Deborah Kerr', 'Anton Walbrook', 'James McKechnie']","['From', 'the', 'Boer', 'War', 'through', 'World', 'War', 'II,', 'a', 'soldier', 'rises', 'through', 'the', 'ranks', 'in', 'the', 'British', 'military.']",2026-03-17
The Ox-Bow Incident,1943,75,8.0,24454,"['Drama', ' Western']",['William A. Wellman'],"['Henry Fonda', 'Dana Andrews', 'Mary Beth Hughes', 'Anthony Quinn']","['When', 'a', 'posse', 'captures', 'three', 'men', 'suspected', 'of', 'killing', 'a', 'local', 'farmer,', 'they', 'become', 'strongly', 'divided', 'over', 'whether', 'or', 'not', 'to', 'lynch', 'the', 'men.']",2026-03-17
Notorious,1946,102,7.9,105026,"['Drama', ' Film-Noir', ' Romance']",['Alfred Hitchcock'],"['Cary Grant', 'Ingrid Bergman', 'Claude Rains', 'Louis Calhern']","['The', 'daughter', 'of', 'a', 'convicted', 'Nazi', 'spy', 'is', 'asked', 'by', 'American', 'agents', 'to', 'gather', 'information', 'on', 'a', 'ring', 'of', 'Nazi', 'scientists', 'in', 'South', 'America.', 'How', 'far', 'will', 'she', 'have', 'to', 'go', 'to', 'ingratiate', 'herself', 'with', 'them?']",2026-03-17
Rope,1948,80,7.9,149922,"['Crime', ' Drama', ' Mystery']",['Alfred Hitchcock'],"['James Stewart', 'John Dall', 'Farley Granger', 'Dick Hogan']","['Two', 'men', 'attempt', 'to', 'prove', 'they', 'committed', 'the', 'perfect', 'crime', 'by', 'hosting', 'a', 'dinner', 'party', 'after', 'strangling', 'their', 'former', 'classmate', 'to', 'death.']",2026-03-17
The Philadelphia Story,1940,112,7.9,72329,"['Comedy', ' Romance']",['George Cukor'],"['Cary Grant', 'Katharine Hepburn', 'James Stewart', 'Ruth Hussey']","['When', 'a', 'rich', ""woman's"", 'ex-husband', 'and', 'a', 'tabloid-type', 'reporter', 'turn', 'up', 'just', 'before', 'her', 'planned', 'remarriage,', 'she', 'begins', 'to', 'learn', 'the', 'truth', 'about', 'herself.']",2026-03-17
Arsenic and Old Lace,1944,118,7.9,73522,"['Comedy', ' Crime', ' Thriller']",['Frank Capra'],"['Cary Grant', 'Priscilla Lane', 'Raymond Massey', 'Jack Carson']","['A', 'Brooklyn', 'writer', 'of', 'books', 'on', 'the', 'futility', 'of', 'marriage', 'risks', 'his', 'reputation', 'after', 'he', 'decides', 'to', 'tie', 'the', 'knot.', 'Things', 'get', 'even', 'more', 'complicated', 'when', 'he', 'learns', 'on', 'his', 'wedding', 'day', 'that', 'his', 'beloved', 'maiden', 'aunts', 'are', 'habitual', 'murderers.']",2026-03-17
The Big Sleep,1946,114,7.9,88872,"['Crime', ' Film-Noir', ' Mystery']",['Howard Hawks'],"['Humphrey Bogart', 'Lauren Bacall', 'John Ridgely', 'Martha Vickers']","['Private', 'detective', 'Philip', 'Marlowe', 'is', 'hired', 'by', 'a', 'wealthy', 'family.', 'Before', 'the', 'complex', 'case', 'is', 'over,', ""he's"", 'seen', 'murder,', 'blackmail', 'and', 'what', 'might', 'be', 'love.']",2026-03-17
Laura,1944,88,7.9,49781,"['Drama', ' Film-Noir', ' Mystery']",['Otto Preminger'],"['Gene Tierney', 'Dana Andrews', 'Clifton Webb', 'Vincent Price']","['A', 'police', 'detective', 'falls', 'in', 'love', 'with', 'the', 'woman', 'whose', 'murder', 'he', 'is', 'investigating.']",2026-03-17
Mildred Pierce,1945,111,7.9,27811,"['Crime', ' Drama', ' Film-Noir']",['Michael Curtiz'],"['Joan Crawford', 'Jack Carson', 'Zachary Scott', 'Eve Arden']","['A', 'hard-working', 'mother', 'inches', 'towards', 'disaster', 'as', 'she', 'divorces', 'her', 'husband', 'and', 'starts', 'a', 'successful', 'restaurant', 'business', 'to', 'support', 'her', 'spoiled', 'daughter.']",2026-03-17
Miracle on 34th Street,1947,96,7.9,51583,"['Comedy', ' Drama', ' Family']",['George Seaton'],"['Edmund Gwenn', ""Maureen O'Hara"", 'John Payne', 'Gene Lockhart']","['After', 'a', 'divorced', 'New', 'York', 'mother', 'hires', 'a', 'nice', 'old', 'man', 'to', 'play', 'Santa', 'Claus', 'at', ""Macy's,"", 'she', 'is', 'startled', 'by', 'his', 'claim', 'to', 'be', 'the', 'genuine', 'article.', 'When', 'his', 'sanity', 'is', 'questioned,', 'a', 'lawyer', 'defends', 'him', 'in', 'court', 'by', 'arguing', 'that', ""he's"", 'not', 'mistaken.']",2026-03-17
Beauty and the Beast,1946,93,7.9,27524,"['Drama', ' Fantasy', ' Romance']","['Jean Cocteau', 'René Clément']","['Jean Marais', 'Josette Day', 'Mila Parély', 'Nane Germon']","['A', 'beautiful', 'young', 'woman', 'takes', 'her', ""father's"", 'place', 'as', 'the', 'prisoner', 'of', 'a', 'mysterious', 'beast,', 'who', 'wishes', 'to', 'marry', 'her.']",2026-03-17
The Lost Weekend,1945,101,7.9,39217,"['Drama', ' Film-Noir']",['Billy Wilder'],"['Ray Milland', 'Jane Wyman', 'Phillip Terry', 'Howard Da Silva']","['The', 'desperate', 'life', 'of', 'a', 'chronic', 'alcoholic', 'is', 'followed', 'through', 'a', 'four-day', 'drinking', 'bout.']",2026-03-17
"Now, Voyager",1942,117,7.9,18347,"['Drama', ' Romance']",['Irving Rapper'],"['Bette Davis', 'Paul Henreid', 'Claude Rains', 'Gladys Cooper']","['A', 'frumpy', 'spinster', 'blossoms', 'under', 'therapy', 'and', 'becomes', 'an', 'elegant,', 'independent', 'woman.']",2026-03-17
Sullivan's Travels,1941,90,7.9,27924,"['Adventure', ' Comedy', ' Drama']",['Preston Sturges'],"['Joel McCrea', 'Veronica Lake', 'Robert Warwick', 'William Demarest']","['Hollywood', 'director', 'John', 'L.', 'Sullivan', 'sets', 'out', 'to', 'experience', 'life', 'as', 'a', 'homeless', 'person', 'in', 'order', 'to', 'gain', 'relevant', 'life', 'experience', 'for', 'his', 'next', 'movie.']",2026-03-17
Letter from an Unknown Woman,1948,87,7.9,13253,"['Drama', ' Romance']",['Max Ophüls'],"['Joan Fontaine', 'Louis Jourdan', 'Mady Christians', 'Marcel Journet']","['A', 'pianist', 'about', 'to', 'flee', 'from', 'a', 'duel', 'receives', 'a', 'letter', 'from', 'a', 'woman', 'he', 'cannot', 'remember,', 'who', 'may', 'hold', 'the', 'key', 'to', 'his', 'downfall.']",2026-03-17
The Little Foxes,1941,116,7.9,12717,"['Drama', ' Romance']",['William Wyler'],"['Bette Davis', 'Herbert Marshall', 'Teresa Wright', 'Richard Carlson']","['The', 'ruthless,', 'moneyed', 'Hubbard', 'clan', 'lives', 'in,', 'and', 'poisons,', 'their', 'part', 'of', 'the', 'Deep', 'South', 'at', 'the', 'turn', 'of', 'the', 'twentieth', 'century.']",2026-03-17
Great Expectations,1946,118,7.8,25746,"['Adventure', ' Drama', ' Mystery']",['David Lean'],"['John Mills', 'Valerie Hobson', 'Tony Wager', 'Jean Simmons']","['A', 'humble', 'orphan', 'boy', 'in', '1810s', 'Kent', 'is', 'given', 'the', 'opportunity', 'to', 'go', 'to', 'London', 'and', 'become', 'a', 'gentleman,', 'with', 'the', 'help', 'of', 'an', 'unknown', 'benefactor.']",2026-03-17
Gaslight,1944,114,7.8,32315,"['Crime', ' Drama', ' Mystery']",['George Cukor'],"['Charles Boyer', 'Ingrid Bergman', 'Joseph Cotten', 'May Whitty']","['Ten', 'years', 'after', 'her', 'aunt', 'was', 'murdered', 'in', 'their', 'London', 'home,', 'a', 'woman', 'returns', 'from', 'Italy', 'in', 'the', '1880s', 'to', 'resume', 'residence', 'with', 'her', 'new', 'husband.', 'His', 'obsessive', 'interest', 'in', 'the', 'home', 'rises', 'from', 'a', 'secret', 'that', 'may', 'require', 'driving', 'his', 'wife', 'insane.']",2026-03-17
Oliver Twist,1948,105,7.8,13288,['Drama'],['David Lean'],"['Robert Newton', 'Alec Guinness', 'Kay Walsh', 'Francis L. Sullivan']","['In', 'Charles', ""Dickens'"", 'classic', 'tale,', 'an', 'orphan', 'wends', 'his', 'way', 'from', 'cruel', 'apprenticeship', 'to', 'den', 'of', 'thieves', 'in', 'search', 'of', 'a', 'true', 'home.']",2026-03-17
Shadow of a Doubt,1943,108,7.8,68763,"['Film-Noir', ' Thriller']",['Alfred Hitchcock'],"['Teresa Wright', 'Joseph Cotten', 'Macdonald Carey', 'Henry Travers']","['A', 'teenage', 'girl,', 'overjoyed', 'when', 'her', 'favorite', 'uncle', 'comes', 'to', 'visit', 'the', 'family', 'in', 'their', 'quiet', 'California', 'town,', 'slowly', 'begins', 'to', 'suspect', 'that', 'he', 'is', 'in', 'fact', 'the', '""Merry', 'Widow""', 'killer', 'sought', 'by', 'the', 'authorities.']",2026-03-17
To Have and Have Not,1944,100,7.8,37194,"['Adventure', ' Comedy', ' Film-Noir']",['Howard Hawks'],"['Humphrey Bogart', 'Lauren Bacall', 'Walter Brennan', 'Dolores Moran']","['During', 'World', 'War', 'II,', 'American', 'expatriate', 'Harry', 'Morgan', 'helps', 'transport', 'a', 'French', 'Resistance', 'leader', 'and', 'his', 'beautiful', 'wife', 'to', 'Martinique', 'while', 'romancing', 'a', 'sensuous', 'lounge', 'singer.']",2026-03-17
Red River,1948,133,7.8,33250,"['Drama', ' Western']","['Howard Hawks', 'Arthur Rosson']","['John Wayne', 'Montgomery Clift', 'Joanne Dru', 'Walter Brennan']","['Dunson', 'leads', 'a', 'cattle', 'drive,', 'the', 'culmination', 'of', 'over', '14', 'years', 'of', 'work,', 'to', 'its', 'destination', 'in', 'Missouri.', 'But', 'his', 'tyrannical', 'behavior', 'along', 'the', 'way', 'causes', 'a', 'mutiny,', 'led', 'by', 'his', 'adopted', 'son.']",2026-03-17
The Ghost and Mrs. Muir,1947,104,7.8,20291,"['Comedy', ' Drama', ' Fantasy']",['Joseph L. Mankiewicz'],"['Gene Tierney', 'Rex Harrison', 'George Sanders', 'Edna Best']","['In', '1900,', 'a', 'young', 'widow', 'finds', 'her', 'seaside', 'cottage', 'is', 'haunted', 'and', 'forms', 'a', 'unique', 'relationship', 'with', 'the', 'ghost.']",2026-03-17
Stray Dog,1949,122,7.8,18357,"['Crime', ' Drama', ' Film-Noir']",['Akira Kurosawa'],"['Toshirô Mifune', 'Takashi Shimura', 'Keiko Awaji', 'Eiko Miyoshi']","['During', 'a', 'sweltering', 'summer,', 'a', 'rookie', 'homicide', 'detective', 'tries', 'to', 'track', 'down', 'his', 'stolen', 'Colt', 'pistol.']",2026-03-17
Monsieur Verdoux,1947,124,7.8,18662,"['Comedy', ' Crime', ' Drama']",['Charles Chaplin'],"['Charles Chaplin', 'Mady Correll', 'Allison Roddan', 'Robert Lewis']","['A', 'suave', 'but', 'cynical', 'man', 'supports', 'his', 'family', 'by', 'marrying', 'and', 'murdering', 'rich', 'women', 'for', 'their', 'money,', 'but', 'the', 'job', 'has', 'some', 'occupational', 'hazards.']",2026-03-17
Germany Year Zero,1948,78,7.8,13286,"['Drama', ' History', ' War']",['Roberto Rossellini'],"['Edmund Moeschke', 'Ernst Pittschau', 'Ingetraud Hinze', 'Franz-Otto Krüger']","['A', 'young', 'German', 'boy', 'faces', 'the', 'problems', 'of', 'the', 'tough', 'life', 'in', 'the', 'immediate', 'post-WWII', 'Berlin.']",2026-03-17
Le Corbeau,1943,92,7.8,10637,"['Crime', ' Drama', ' Mystery']",['Henri-Georges Clouzot'],"['Pierre Fresnay', 'Ginette Leclerc', 'Micheline Francey', 'Héléna Manson']","['A', 'French', 'village', 'doctor', 'becomes', 'the', 'target', 'of', 'poison-pen', 'letters', 'sent', 'to', 'village', 'leaders,', 'accusing', 'him', 'of', 'affairs', 'and', 'practicing', 'abortion.']",2026-03-17
Fantasia,1940,124,7.7,101344,"['Animation', ' Family', ' Fantasy']","['James Algar', 'Samuel Armstrong', 'Ford Beebe Jr.', 'Norman Ferguson', 'David Hand', 'Jim Handley', 'T. Hee', 'Wilfred Jackson', 'Hamilton Luske', 'Bill Roberts', 'Paul Satterfield', 'Ben Sharpsteen']","['Leopold Stokowski', 'Deems Taylor', 'The Philadelphia Orchestra', 'Corey Burton']","['A', 'series', 'of', 'eight', 'famous', 'pieces', 'of', 'classical', 'music,', 'conducted', 'by', 'Leopold', 'Stokowski', 'and', 'interpreted', 'in', 'animation', 'by', 'Walt', ""Disney's"", 'team', 'of', 'artists.']",2026-03-17
Black Narcissus,1947,101,7.7,26680,['Drama'],"['Michael Powell', 'Emeric Pressburger']","['Deborah Kerr', 'David Farrar', 'Flora Robson', 'Jenny Laird']","['A', 'group', 'of', 'nuns', 'struggle', 'to', 'establish', 'a', 'convent', 'in', 'the', 'Himalayas,', 'while', 'isolation,', 'extreme', 'weather,', 'altitude,', 'and', 'culture', 'clashes', 'all', 'conspire', 'to', 'drive', 'the', 'well-intentioned', 'missionaries', 'mad.']",2026-03-17
Scarlet Street,1945,102,7.7,18272,"['Crime', ' Drama', ' Film-Noir']",['Fritz Lang'],"['Edward G. Robinson', 'Joan Bennett', 'Dan Duryea', 'Margaret Lindsay']","['A', 'man', 'in', 'mid-life', 'crisis', 'befriends', 'a', 'young', 'woman,', 'though', 'her', 'fiancé', 'persuades', 'her', 'to', 'con', 'him', 'out', 'of', 'the', 'fortune', 'they', 'mistakenly', 'assume', 'he', 'possesses.']",2026-03-17
The Killers,1946,103,7.7,22979,"['Crime', ' Drama', ' Film-Noir']",['Robert Siodmak'],"['Burt Lancaster', 'Ava Gardner', ""Edmond O'Brien"", 'Albert Dekker']","['Hit', 'men', 'kill', 'an', 'unresisting', 'victim,', 'and', 'investigator', 'Reardon', 'uncovers', 'his', 'past', 'involvement', 'with', 'beautiful,', 'deadly', 'Kitty', 'Collins.']",2026-03-17
Key Largo,1948,100,7.7,43176,"['Action', ' Crime', ' Drama']",['John Huston'],"['Humphrey Bogart', 'Edward G. Robinson', 'Lauren Bacall', 'Lionel Barrymore']","['A', 'man', 'visits', 'his', 'war', ""buddy's"", 'family', 'hotel', 'and', 'finds', 'a', 'gangster', 'running', 'things.', 'As', 'a', 'hurricane', 'approaches,', 'the', 'two', 'end', 'up', 'confronting', 'each', 'other.']",2026-03-17
My Darling Clementine,1946,97,7.7,24994,"['Drama', ' Romance', ' Western']",['John Ford'],"['Henry Fonda', 'Linda Darnell', 'Victor Mature', 'Cathy Downs']","['After', 'their', 'cattle', 'are', 'stolen', 'and', 'their', 'brother', 'murdered,', 'the', 'Earp', 'brothers', 'have', 'a', 'score', 'to', 'settle', 'with', 'the', 'Clanton', 'family.']",2026-03-17
How Green Was My Valley,1941,118,7.7,25741,"['Drama', ' Family']",['John Ford'],"['Walter Pidgeon', ""Maureen O'Hara"", 'Anna Lee', 'Donald Crisp']","['At', 'the', 'turn', 'of', 'the', 'century', 'in', 'a', 'Welsh', 'mining', 'village,', 'the', 'Morgans,', 'he', 'stern,', 'she', 'gentle,', 'raise', 'coal-mining', 'sons', 'and', 'hope', 'their', 'youngest', 'will', 'find', 'a', 'better', 'life.']",2026-03-17
Twelve O'Clock High,1949,132,7.7,15439,"['Drama', ' War']",['Henry King'],"['Gregory Peck', 'Hugh Marlowe', 'Gary Merrill', 'Millard Mitchell']","['A', 'hard-as-nails', 'general', '(Gregory', 'Peck', 'as', 'General', 'Savage)', 'takes', 'over', 'a', 'B-17', 'bomber', 'unit', 'suffering', 'from', 'low', 'morale', 'and', 'whips', 'them', 'into', 'fighting', 'shape.']",2026-03-17
Nightmare Alley,1947,110,7.7,12962,"['Drama', ' Film-Noir']",['Edmund Goulding'],"['Tyrone Power', 'Joan Blondell', 'Coleen Gray', 'Helen Walker']","['The', 'rise', 'and', 'fall', 'of', 'Stanton', 'Carlisle,', 'a', 'mentalist', 'whose', 'lies', 'and', 'deceit', 'prove', 'to', 'be', 'his', 'downfall.']",2026-03-17
Sergeant York,1941,134,7.7,19362,"['Biography', ' Drama', ' History']",['Howard Hawks'],"['Gary Cooper', 'Walter Brennan', 'Joan Leslie', 'George Tobias']","['A', 'Tennessee', 'farmer', 'and', 'marksman', 'is', 'drafted', 'in', 'World', 'War', 'I,', 'and', 'struggles', 'with', 'his', 'pacifist', 'inclinations', 'before', 'becoming', 'one', 'of', 'the', 'most', 'celebrated', 'war', 'heroes.']",2026-03-17
The Lady Eve,1941,94,7.7,22819,"['Comedy', ' Romance']",['Preston Sturges'],"['Barbara Stanwyck', 'Henry Fonda', 'Charles Coburn', 'Eugene Pallette']","['A', 'trio', 'of', 'classy', 'card', 'sharks', 'targets', 'a', 'socially', 'awkward', 'brewery', 'heir,', 'until', 'one', 'of', 'them', 'falls', 'in', 'love', 'with', 'him.']",2026-03-17
Ball of Fire,1941,111,7.7,13641,"['Comedy', ' Romance']",['Howard Hawks'],"['Gary Cooper', 'Barbara Stanwyck', 'Oscar Homolka', 'Henry Travers']","['A', 'group', 'of', 'professors', 'working', 'on', 'a', 'new', 'encyclopedia', 'while', 'living', 'in', 'a', 'Manhattan', 'mansion', 'take', 'in', 'a', 'mouthy', 'nightclub', 'singer', 'who', 'is', 'wanted', 'by', 'the', 'police', 'to', 'help', 'bring', 'down', 'her', 'mob', 'boss', 'lover.']",2026-03-17
Waterloo Bridge,1940,108,7.7,10675,"['Drama', ' Romance', ' War']",['Mervyn LeRoy'],"['Vivien Leigh', 'Robert Taylor', 'Lucile Watson', 'Virginia Field']","['Myra', 'and', 'Roy', 'meet', 'and', 'fall', 'in', 'love', 'on', 'Waterloo', 'Bridge', 'during', 'an', 'air', 'raid.', 'Their', 'love', 'will', 'be', 'one', 'of', 'the', ""war's"", 'unspoken', 'casualties.']",2026-03-17
A Letter to Three Wives,1949,103,7.7,10361,"['Comedy', ' Drama', ' Romance']",['Joseph L. Mankiewicz'],"['Jeanne Crain', 'Linda Darnell', 'Ann Sothern', 'Kirk Douglas']","['A', 'letter', 'is', 'addressed', 'to', 'three', 'wives', 'from', 'their', '""best', 'friend""', 'Addie', 'Ross,', 'announcing', 'that', 'she', 'is', 'running', 'away', 'with', 'one', 'of', 'their', 'husbands', '-', 'but', 'she', 'does', 'not', 'say', 'which', 'one.']",2026-03-17
"Ivan the Terrible, Part I",1944,95,7.7,10592,"['Biography', ' Drama', ' History']",['Sergei Eisenstein'],"['Nikolay Cherkasov', 'Lyudmila Tselikovskaya', 'Serafima Birman', 'Mikhail Nazvanov']","['During', 'the', 'early', 'part', 'of', 'his', 'reign,', 'Ivan', 'the', 'Terrible', 'faces', 'betrayal', 'from', 'the', 'aristocracy', 'and', 'even', 'his', 'closest', 'friends', 'as', 'he', 'seeks', 'to', 'unite', 'the', 'Russian', 'people.']",2026-03-17
Leave Her to Heaven,1945,110,7.6,14298,"['Drama', ' Film-Noir', ' Romance']",['John M. Stahl'],"['Gene Tierney', 'Cornel Wilde', 'Jeanne Crain', 'Vincent Price']","['A', 'writer', 'falls', 'in', 'love', 'with', 'a', 'young', 'socialite', 'and', ""they're"", 'soon', 'married,', 'but', 'her', 'obsessive', 'love', 'for', 'him', 'threatens', 'to', 'be', 'the', 'undoing', 'of', 'them', 'both', 'as', 'well', 'as', 'everyone', 'around', 'them.']",2026-03-17
Gilda,1946,110,7.6,34182,"['Drama', ' Film-Noir', ' Romance']",['Charles Vidor'],"['Rita Hayworth', 'Glenn Ford', 'George Macready', 'Joseph Calleia']","['A', 'small-time', 'gambler', 'hired', 'to', 'work', 'in', 'a', 'Buenos', 'Aires', 'casino', 'discovers', 'his', ""employer's"", 'new', 'wife', 'is', 'his', 'former', 'lover.']",2026-03-17
Mrs. Miniver,1942,134,7.6,18979,"['Drama', ' Romance', ' War']",['William Wyler'],"['Greer Garson', 'Walter Pidgeon', 'Teresa Wright', 'May Whitty']","['A', 'British', 'family', 'struggles', 'to', 'survive', 'the', 'first', 'months', 'of', 'World', 'War', 'II.']",2026-03-17
Lifeboat,1944,97,7.6,30450,"['Drama', ' War']",['Alfred Hitchcock'],"['Tallulah Bankhead', 'John Hodiak', 'Walter Slezak', 'William Bendix']","['Several', 'survivors', 'of', 'a', 'torpedoed', 'merchant', 'ship', 'in', 'World', 'War', 'II', 'find', 'themselves', 'in', 'the', 'same', 'lifeboat', 'with', 'one', 'of', 'the', 'crew', 'members', 'of', 'the', 'U-boat', 'that', 'sank', 'their', 'ship.']",2026-03-17
The Naked City,1948,96,7.6,14894,"['Crime', ' Drama', ' Film-Noir']",['Jules Dassin'],"['Barry Fitzgerald', 'Howard Duff', 'Dorothy Hart', 'Don Taylor']","['A', 'step-by-step', 'look', 'at', 'a', 'murder', 'investigation', 'on', 'the', 'streets', 'of', 'New', 'York.']",2026-03-17
The Magnificent Ambersons,1942,88,7.6,26058,"['Drama', ' Romance']","['Orson Welles', 'Fred Fleck', 'Robert Wise']","['Tim Holt', 'Joseph Cotten', 'Dolores Costello', 'Anne Baxter']","['The', 'spoiled', 'young', 'heir', 'to', 'the', 'decaying', 'Amberson', 'fortune', 'comes', 'between', 'his', 'widowed', 'mother', 'and', 'the', 'man', 'she', 'has', 'always', 'loved.']",2026-03-17
The Bishop's Wife,1947,109,7.6,19552,"['Comedy', ' Drama', ' Fantasy']",['Henry Koster'],"['Cary Grant', 'Loretta Young', 'David Niven', 'Monty Woolley']","['A', 'debonair', 'angel', 'comes', 'to', 'Earth', 'to', 'help', 'an', 'Episcopalian', 'bishop', 'and', 'his', 'wife', 'in', 'their', 'quest', 'to', 'raise', 'money', 'for', 'the', 'new', 'church.']",2026-03-17
The Woman in the Window,1944,107,7.6,17236,"['Crime', ' Drama', ' Film-Noir']",['Fritz Lang'],"['Edward G. Robinson', 'Joan Bennett', 'Raymond Massey', 'Edmund Breon']","['When', 'a', 'conservative', 'middle', 'aged', 'professor', 'engages', 'in', 'a', 'relationship', 'with', 'a', 'femme', 'fatale,', ""he's"", 'plunged', 'into', 'a', 'nightmarish', 'world', 'of', 'blackmail', 'and', 'murder.']",2026-03-17
Hamlet,1948,154,7.6,17909,['Drama'],['Laurence Olivier'],"['Laurence Olivier', 'Jean Simmons', 'John Laurie', 'Esmond Knight']","['Prince', 'Hamlet', 'struggles', 'over', 'whether', 'or', 'not', 'he', 'should', 'kill', 'his', 'uncle,', 'whom', 'he', 'suspects', 'has', 'murdered', 'his', 'father,', 'the', 'former', 'king.']",2026-03-17
Brute Force,1947,98,7.6,11175,"['Crime', ' Drama', ' Film-Noir']",['Jules Dassin'],"['Burt Lancaster', 'Hume Cronyn', 'Charles Bickford', 'Yvonne De Carlo']","['At', 'a', 'tough', 'penitentiary,', 'prisoner', 'Joe', 'Collins', 'plans', 'to', 'rebel', 'against', 'Captain', 'Munsey,', 'the', 'power-mad', 'chief', 'guard.']",2026-03-17
Yankee Doodle Dandy,1942,126,7.6,16585,"['Biography', ' Drama', ' Family']",['Michael Curtiz'],"['James Cagney', 'Joan Leslie', 'Walter Huston', 'Richard Whorf']","['The', 'life', 'of', 'the', 'renowned', 'musical', 'composer,', 'playwright,', 'actor,', 'dancer,', 'and', 'singer', 'George', 'M.', 'Cohan.']",2026-03-17
The Sea Hawk,1940,127,7.6,10488,"['Action', ' Adventure', ' History']",['Michael Curtiz'],"['Errol Flynn', 'Brenda Marshall', 'Claude Rains', 'Donald Crisp']","['Geoffrey', 'Thorpe,', 'a', 'buccaneer,', 'is', 'hired', 'by', 'Queen', 'Elizabeth', 'I', 'to', 'nag', 'the', 'Spanish', 'Armada.', 'The', 'Armada', 'is', 'waiting', 'for', 'the', 'attack', 'on', 'England', 'and', 'Thorpe', 'surprises', 'them', 'with', 'attacks', 'on', 'their', 'galleons', 'where', 'he', 'shows', 'his', 'skills', 'on', 'the', 'sword.']",2026-03-17
Odd Man Out,1947,116,7.6,10963,"['Crime', ' Drama', ' Film-Noir']",['Carol Reed'],"['James Mason', 'Robert Newton', 'Cyril Cusack', 'F.J. McCormick']","['A', 'wounded', 'Irish', 'nationalist', 'leader', 'attempts', 'to', 'evade', 'police', 'following', 'a', 'failed', 'robbery', 'in', 'Belfast.']",2026-03-17
Meet John Doe,1941,122,7.6,14378,"['Comedy', ' Drama', ' Romance']",['Frank Capra'],"['Gary Cooper', 'Barbara Stanwyck', 'Edward Arnold', 'Walter Brennan']","['A', 'penniless', 'drifter', '(Gary', 'Cooper)', 'is', 'recruited', 'by', 'an', 'ambitious', 'columnist', '(Barbara', 'Stanwyck)', 'to', 'impersonate', 'a', 'non-existent', 'person', 'who', 'said', ""he'd"", 'be', 'committing', 'suicide', 'as', 'a', 'protest,', 'and', 'a', 'social', 'movement', 'begins.']",2026-03-17
The Pride of the Yankees,1942,128,7.6,11648,"['Biography', ' Drama', ' Romance']",['Sam Wood'],"['Gary Cooper', 'Teresa Wright', 'Babe Ruth', 'Walter Brennan']","['The', 'story', 'of', 'the', 'life', 'and', 'career', 'of', 'famed', 'baseball', 'player', 'Lou', 'Gehrig.']",2026-03-17
Drunken Angel,1948,102,7.6,12933,"['Crime', ' Drama', ' Romance']",['Akira Kurosawa'],"['Takashi Shimura', 'Toshirô Mifune', 'Reizaburô Yamamoto', 'Michiyo Kogure']","['A', 'drunken', 'doctor', 'with', 'a', 'hot', 'temper', 'and', 'a', 'violence-prone', 'gangster', 'with', 'tuberculosis', 'form', 'a', 'quicksilver', 'bond.']",2026-03-17
Pinocchio,1940,88,7.5,155492,"['Animation', ' Adventure', ' Comedy']","['Norman Ferguson', 'T. Hee', 'Wilfred Jackson', 'Jack Kinney', 'Hamilton Luske', 'Bill Roberts', 'Ben Sharpsteen']","['Dickie Jones', 'Christian Rub', 'Mel Blanc', 'Don Brodie']","['A', 'living', 'puppet,', 'with', 'the', 'help', 'of', 'a', 'cricket', 'as', 'his', 'conscience,', 'must', 'prove', 'himself', 'worthy', 'to', 'become', 'a', 'real', 'boy.']",2026-03-17
High Sierra,1940,100,7.5,18698,"['Action', ' Adventure', ' Drama']",['Raoul Walsh'],"['Ida Lupino', 'Humphrey Bogart', 'Alan Curtis', 'Arthur Kennedy']","['After', 'being', 'released', 'from', 'prison,', 'notorious', 'thief', 'Roy', 'Earle', 'is', 'hired', 'by', 'his', 'old', 'boss', 'to', 'help', 'a', 'group', 'of', 'inexperienced', 'criminals', 'plan', 'and', 'carry', 'out', 'the', 'robbery', 'of', 'a', 'California', 'resort.']",2026-03-17
Spellbound,1945,111,7.5,50946,"['Film-Noir', ' Mystery', ' Romance']",['Alfred Hitchcock'],"['Ingrid Bergman', 'Gregory Peck', 'Michael Chekhov', 'Leo G. Carroll']","['A', 'psychiatrist', 'protects', 'the', 'identity', 'of', 'an', 'amnesia', 'patient', 'accused', 'of', 'murder', 'while', 'attempting', 'to', 'recover', 'his', 'memory.']",2026-03-17
Meet Me in St. Louis,1944,113,7.5,26196,"['Comedy', ' Drama', ' Family']",['Vincente Minnelli'],"['Judy Garland', ""Margaret O'Brien"", 'Mary Astor', 'Lucille Bremer']","['Young', 'love', 'and', 'childish', 'fears', 'highlight', 'a', 'year', 'in', 'the', 'life', 'of', 'a', 'turn-of-the-century', 'family.']",2026-03-17
The Lady from Shanghai,1947,87,7.5,32292,"['Crime', ' Drama', ' Film-Noir']",['Orson Welles'],"['Rita Hayworth', 'Orson Welles', 'Everett Sloane', 'Glenn Anders']","['Fascinated', 'by', 'gorgeous', 'Mrs.', 'Bannister,', 'seaman', 'Michael', ""O'Hara"", 'joins', 'a', 'bizarre', 'yachting', 'cruise,', 'and', 'ends', 'up', 'mired', 'in', 'a', 'complex', 'murder', 'plot.']",2026-03-17
The Picture of Dorian Gray,1945,110,7.5,13969,"['Drama', ' Fantasy', ' Horror']",['Albert Lewin'],"['George Sanders', 'Hurd Hatfield', 'Donna Reed', 'Angela Lansbury']","['A', 'corrupt', 'young', 'man', 'somehow', 'keeps', 'his', 'youthful', 'beauty,', 'but', 'a', 'special', 'painting', 'gradually', 'reveals', 'his', 'inner', 'ugliness', 'to', 'all.']",2026-03-17
Dead of Night,1945,77,7.5,13708,"['Drama', ' Horror']","['Alberto Cavalcanti', 'Charles Crichton', 'Basil Dearden', 'Robert Hamer']","['Mervyn Johns', 'Michael Redgrave', 'Roland Culver', 'Mary Merrall']","['Guests', 'invited', 'to', 'a', 'weekend', 'in', 'the', 'country', 'share', 'their', 'supernatural', 'stories,', 'beginning', 'with', 'Walter', 'Craig,', 'who', 'senses', 'impending', 'doom', 'as', 'his', 'half-remembered', 'recurring', 'dream', 'turns', 'into', 'reality.']",2026-03-17
Dark Passage,1947,106,7.5,21360,"['Film-Noir', ' Thriller']",['Delmer Daves'],"['Humphrey Bogart', 'Lauren Bacall', 'Bruce Bennett', 'Agnes Moorehead']","['A', 'man', 'convicted', 'of', 'murdering', 'his', 'wife', 'escapes', 'from', 'prison', 'and', 'works', 'with', 'a', 'woman', 'to', 'try', 'to', 'prove', 'his', 'innocence.']",2026-03-17
The Mark of Zorro,1940,94,7.5,10674,"['Action', ' Adventure', ' Family']",['Rouben Mamoulian'],"['Tyrone Power', 'Linda Darnell', 'Basil Rathbone', 'Gale Sondergaard']","['A', 'young', 'Spanish', 'aristocrat', 'must', 'masquerade', 'as', 'a', 'fop', 'in', 'order', 'to', 'maintain', 'his', 'secret', 'identity', 'of', 'Zorro', 'as', 'he', 'restores', 'justice', 'to', 'early', 'California.']",2026-03-17
"Murder, My Sweet",1944,95,7.5,14388,"['Crime', ' Drama', ' Film-Noir']",['Edward Dmytryk'],"['Dick Powell', 'Claire Trevor', 'Anne Shirley', 'Otto Kruger']","['After', 'being', 'hired', 'to', 'find', 'an', ""ex-con's"", 'former', 'girlfriend,', 'Philip', 'Marlowe', 'is', 'drawn', 'into', 'a', 'deeply', 'complex', 'web', 'of', 'mystery', 'and', 'deceit.']",2026-03-17
The Letter,1940,95,7.5,14125,"['Crime', ' Drama', ' Film-Noir']",['William Wyler'],"['Bette Davis', 'Herbert Marshall', 'James Stephenson', 'Frieda Inescort']","['The', 'wife', 'of', 'a', 'rubber', 'plantation', 'administrator', 'shoots', 'a', 'man', 'to', 'death', 'and', 'claims', 'it', 'was', 'self-defense,', 'but', 'a', 'letter', 'in', 'her', 'own', 'hand', 'may', 'prove', 'her', 'undoing.']",2026-03-17
The Palm Beach Story,1942,88,7.5,12627,"['Comedy', ' Romance']",['Preston Sturges'],"['Claudette Colbert', 'Joel McCrea', 'Mary Astor', 'Rudy Vallee']","['A', 'New', 'York', 'inventor', 'needs', 'cash', 'to', 'develop', 'his', 'big', 'idea,', 'so', 'his', 'adoring', 'wife', 'decides', 'to', 'raise', 'it', 'by', 'divorcing', 'him', 'and', 'marrying', 'an', 'eccentric', 'Florida', 'millionaire', 'with', 'a', 'capricious', 'high-society', 'sister.']",2026-03-17
The Postman Always Rings Twice,1946,113,7.4,22265,"['Crime', ' Drama', ' Film-Noir']",['Tay Garnett'],"['Lana Turner', 'John Garfield', 'Cecil Kellaway', 'Hume Cronyn']","['A', 'married', 'woman', 'and', 'a', 'drifter', 'fall', 'in', 'love,', 'then', 'plot', 'to', 'murder', 'her', 'husband.']",2026-03-17
And Then There Were None,1945,97,7.4,16086,"['Crime', ' Drama', ' Mystery']",['René Clair'],"['Barry Fitzgerald', 'Walter Huston', 'Louis Hayward', 'Roland Young']","['Seven', 'guests,', 'a', 'newly', 'hired', 'secretary', 'and', 'two', 'staff', 'are', 'gathered', 'at', 'a', 'manor', 'house', 'on', 'an', 'isolated', 'island', 'by', 'an', 'unknown', 'absentee', 'host', 'and', 'are', 'killed', 'off', 'one-by-one.', 'They', 'work', 'together', 'to', 'determine', 'who', 'the', 'killer', 'is', 'before', ""it's"", 'too', 'late.']",2026-03-17
Foreign Correspondent,1940,120,7.4,22827,"['Action', ' Romance', ' Thriller']",['Alfred Hitchcock'],"['Joel McCrea', 'Laraine Day', 'Herbert Marshall', 'George Sanders']","['On', 'the', 'eve', 'of', 'World', 'War', 'II,', 'a', 'young', 'American', 'reporter', 'tries', 'to', 'expose', 'enemy', 'agents', 'in', 'London.']",2026-03-17
The Thief of Bagdad,1940,106,7.4,14075,"['Adventure', ' Family', ' Fantasy']","['Ludwig Berger', 'Michael Powell', 'Tim Whelan', 'Alexander Korda', 'Zoltan Korda', 'William Cameron Menzies']","['Conrad Veidt', 'Sabu', 'June Duprez', 'John Justin']","['After', 'being', 'tricked', 'and', 'cast', 'out', 'of', 'Bagdad', 'by', 'the', 'evil', 'Jaffar,', 'King', 'Ahmad', 'joins', 'forces', 'with', 'a', 'thief', 'named', 'Abu', 'to', 'reclaim', 'his', 'throne,', 'the', 'city,', 'and', 'the', 'Princess', 'he', 'loves.']",2026-03-17
Heaven Can Wait,1943,112,7.4,11980,"['Comedy', ' Drama', ' Fantasy']",['Ernst Lubitsch'],"['Gene Tierney', 'Don Ameche', 'Charles Coburn', 'Marjorie Main']","['An', 'old', 'roué', 'arrives', 'in', 'Hades', 'to', 'review', 'his', 'life', 'with', 'Satan,', 'who', 'will', 'rule', 'on', 'his', 'eligibility', 'to', 'enter', 'the', 'Underworld.']",2026-03-17
Fort Apache,1948,128,7.4,19192,"['Drama', ' Western']",['John Ford'],"['John Wayne', 'Henry Fonda', 'Shirley Temple', 'Pedro Armendáriz']","['At', 'Fort', 'Apache,', 'an', 'honorable', 'and', 'veteran', 'war', 'captain', 'finds', 'conflict', 'when', 'his', 'regime', 'is', 'placed', 'under', 'the', 'command', 'of', 'a', 'young,', 'glory', 'hungry', 'lieutenant', 'colonel', 'with', 'no', 'respect', 'for', 'the', 'local', 'Indian', 'tribe.']",2026-03-17
All the King's Men,1949,110,7.4,16050,"['Drama', ' Film-Noir']",['Robert Rossen'],"['Broderick Crawford', 'John Ireland', 'Joanne Dru', 'John Derek']","['The', 'rise', 'and', 'fall', 'of', 'a', 'corrupt', 'politician,', 'who', 'makes', 'his', 'friends', 'richer', 'and', 'retains', 'power', 'by', 'dint', 'of', 'a', 'populist', 'appeal.']",2026-03-17
This Gun for Hire,1942,81,7.4,10333,"['Crime', ' Drama', ' Film-Noir']",['Frank Tuttle'],"['Alan Ladd', 'Veronica Lake', 'Robert Preston', 'Laird Cregar']","['When', 'assassin', 'Philip', 'Raven', 'shoots', 'a', 'blackmailer', 'and', 'his', 'beautiful', 'female', 'companion', 'dead,', 'he', 'is', 'paid', 'off', 'in', 'marked', 'bills', 'by', 'his', 'treasonous', 'employer', 'who', 'is', 'working', 'with', 'foreign', 'spies.']",2026-03-17
The Strange Love of Martha Ivers,1946,116,7.4,10622,"['Drama', ' Film-Noir', ' Romance']",['Lewis Milestone'],"['Barbara Stanwyck', 'Van Heflin', 'Lizabeth Scott', 'Kirk Douglas']","['A', 'man', 'is', 'reunited', 'with', 'his', 'childhood', 'friend', 'and', 'her', 'husband,', 'who', 'believe', 'he', 'knows', 'the', 'truth', 'about', 'the', 'death', 'of', 'her', 'rich', 'aunt', 'years', 'earlier.']",2026-03-17
Adam's Rib,1949,101,7.4,22486,"['Comedy', ' Romance']",['George Cukor'],"['Spencer Tracy', 'Katharine Hepburn', 'Judy Holliday', 'Tom Ewell']","['Domestic', 'and', 'professional', 'tensions', 'mount', 'when', 'a', 'husband', 'and', 'wife', 'work', 'as', 'opposing', 'lawyers', 'in', 'a', 'case', 'involving', 'a', 'woman', 'who', 'shot', 'her', 'husband.']",2026-03-17
Abbott and Costello Meet Frankenstein,1948,83,7.3,18775,"['Comedy', ' Family', ' Fantasy']","['Charles Barton', 'Walter Lantz']","['Bud Abbott', 'Lou Costello', 'Lon Chaney Jr.', 'Bela Lugosi']","['The', 'Wolf', 'Man', 'tries', 'to', 'warn', 'a', 'dimwitted', 'porter', 'that', 'Dracula', 'wants', 'his', 'brain', 'for', 'Frankenstein', ""monster's"", 'body.']",2026-03-17
Bambi,1942,69,7.3,150365,"['Animation', ' Adventure', ' Drama']","['James Algar', 'Samuel Armstrong', 'David Hand', 'Graham Heid', 'Bill Roberts', 'Paul Satterfield', 'Norman Wright', 'Arthur Davis', 'Clyde Geronimi']","['Hardie Albright', 'Stan Alexander', 'Bobette Audrey', 'Peter Behn']","['The', 'story', 'of', 'a', 'young', 'deer', 'growing', 'up', 'in', 'the', 'forest.']",2026-03-17
Suspicion,1941,99,7.3,40966,"['Film-Noir', ' Mystery', ' Thriller']",['Alfred Hitchcock'],"['Cary Grant', 'Joan Fontaine', 'Cedric Hardwicke', 'Nigel Bruce']","['A', 'shy', 'young', 'heiress', 'marries', 'a', 'charming', 'gentleman,', 'and', 'soon', 'begins', 'to', 'suspect', 'he', 'is', 'planning', 'to', 'murder', 'her.']",2026-03-17
The Stranger,1946,95,7.3,27833,"['Crime', ' Drama', ' Film-Noir']",['Orson Welles'],"['Orson Welles', 'Edward G. Robinson', 'Loretta Young', 'Philip Merivale']","['An', 'investigator', 'from', 'the', 'War', 'Crimes', 'Commission', 'travels', 'to', 'Connecticut', 'to', 'find', 'an', 'infamous', 'Nazi.']",2026-03-17
Detour,1945,66,7.3,18887,"['Crime', ' Drama', ' Film-Noir']",['Edgar G. Ulmer'],"['Tom Neal', 'Ann Savage', 'Claudia Drake', 'Edmund MacDonald']","['The', 'life', 'of', 'Al', 'Roberts,', 'a', 'pianist', 'in', 'a', 'New', 'York', 'nightclub,', 'turns', 'into', 'a', 'nightmare', 'when', 'he', 'decides', 'to', 'hitchhike', 'to', 'Los', 'Angeles', 'to', 'visit', 'his', 'girlfriend.']",2026-03-17
Holiday Inn,1942,100,7.3,16432,"['Comedy', ' Drama', ' Music']","['Mark Sandrich', 'Robert Allen']","['Bing Crosby', 'Fred Astaire', 'Marjorie Reynolds', 'Virginia Dale']","['At', 'an', 'inn', 'which', 'is', 'open', 'only', 'on', 'holidays,', 'a', 'crooner', 'and', 'a', 'hoofer', 'vie', 'for', 'the', 'affections', 'of', 'a', 'beautiful', 'up-and-coming', 'performer.']",2026-03-17
On the Town,1949,98,7.3,18390,"['Comedy', ' Musical', ' Romance']","['Stanley Donen', 'Gene Kelly']","['Gene Kelly', 'Frank Sinatra', 'Betty Garrett', 'Ann Miller']","['Three', 'sailors', 'wreak', 'havoc', 'as', 'they', 'search', 'for', 'love', 'during', 'a', 'whirlwind', '24-hour', 'leave', 'in', 'New', 'York', 'City.']",2026-03-17
The Spiral Staircase,1946,83,7.3,10894,"['Drama', ' Horror', ' Mystery']",['Robert Siodmak'],"['Dorothy McGuire', 'George Brent', 'Ethel Barrymore', 'Kent Smith']","['In', '1916,', 'a', 'shadowy', 'serial', 'killer', 'is', 'targeting', 'women', 'with', '""afflictions"";', 'one', 'night', 'during', 'a', 'thunderstorm,', 'the', 'mute', 'Helen', 'feels', 'menaced.']",2026-03-17
Christmas in Connecticut,1945,101,7.3,11036,"['Comedy', ' Romance']",['Peter Godfrey'],"['Barbara Stanwyck', 'Dennis Morgan', 'Sydney Greenstreet', 'Reginald Gardiner']","['A', 'food', 'writer', 'who', 'has', 'lied', 'about', 'being', 'the', 'perfect', 'housewife', 'must', 'try', 'to', 'cover', 'her', 'deception', 'when', 'her', 'boss', 'and', 'a', 'returning', 'war', 'hero', 'invite', 'themselves', 'to', 'her', 'home', 'for', 'a', 'traditional', 'family', 'Christmas.']",2026-03-17
"Sorry, Wrong Number",1948,89,7.3,12046,"['Drama', ' Film-Noir', ' Mystery']",['Anatole Litvak'],"['Barbara Stanwyck', 'Burt Lancaster', 'Ann Richards', 'Wendell Corey']","['While', 'on', 'the', 'telephone,', 'an', 'invalid', 'woman', 'overhears', 'what', 'she', 'thinks', 'is', 'a', 'murder', 'plot', 'and', 'attempts', 'to', 'prevent', 'it.']",2026-03-17
Easter Parade,1948,103,7.3,10703,"['Musical', ' Romance']",['Charles Walters'],"['Judy Garland', 'Fred Astaire', 'Peter Lawford', 'Ann Miller']","['A', 'nightclub', 'performer', 'hires', 'a', 'naive', 'chorus', 'girl', 'to', 'become', 'his', 'new', 'dance', 'partner', 'to', 'make', 'his', 'former', 'partner', 'jealous', 'and', 'to', 'prove', 'he', 'can', 'make', 'any', 'partner', 'a', 'star.']",2026-03-17
My Favorite Wife,1940,88,7.3,11190,"['Comedy', ' Romance']",['Garson Kanin'],"['Irene Dunne', 'Cary Grant', 'Randolph Scott', 'Gail Patrick']","['Missing', 'for', 'seven', 'years', 'and', 'presumed', 'dead,', 'a', 'woman', 'returns', 'home', 'on', 'the', 'day', 'of', 'her', ""husband's"", 'second', 'marriage.']",2026-03-17
The Wolf Man,1941,70,7.2,29322,"['Horror', ' Mystery', ' Romance']",['George Waggner'],"['Claude Rains', 'Warren William', 'Lon Chaney Jr.', 'Ralph Bellamy']","['Larry', 'Talbot', 'returns', 'to', 'his', ""father's"", 'castle', 'in', 'Wales', 'and', 'meets', 'a', 'beautiful', 'woman.', 'One', 'fateful', 'night,', 'Talbot', 'escorts', 'her', 'to', 'a', 'local', 'carnival', 'where', 'they', 'meet', 'a', 'mysterious', 'gypsy', 'fortune', 'teller.']",2026-03-17
Dumbo,1941,64,7.2,138715,"['Animation', ' Adventure', ' Drama']","['Samuel Armstrong', 'Norman Ferguson', 'Wilfred Jackson', 'Jack Kinney', 'Bill Roberts', 'Ben Sharpsteen', 'John Elliotte']","['Sterling Holloway', 'Edward Brophy', 'Herman Bing', 'Billy Bletcher']","['Ridiculed', 'because', 'of', 'his', 'enormous', 'ears,', 'a', 'young', 'circus', 'elephant', 'is', 'assisted', 'by', 'a', 'mouse', 'to', 'achieve', 'his', 'full', 'potential.']",2026-03-17
Cat People,1942,73,7.2,24854,"['Fantasy', ' Horror', ' Thriller']",['Jacques Tourneur'],"['Simone Simon', 'Tom Conway', 'Kent Smith', 'Jane Randolph']","['An', 'American', 'man', 'marries', 'a', 'Serbian', 'immigrant', 'who', 'fears', 'that', 'she', 'will', 'turn', 'into', 'the', 'cat', 'person', 'of', 'her', ""homeland's"", 'fables', 'if', 'they', 'are', 'intimate', 'together.']",2026-03-17
The Uninvited,1944,99,7.2,11973,"['Fantasy', ' Horror', ' Mystery']",['Lewis Allen'],"['Ray Milland', 'Ruth Hussey', 'Donald Crisp', 'Cornelia Otis Skinner']","['A', 'composer', 'and', 'his', 'sister', 'discover', 'that', 'the', 'reason', 'they', 'are', 'able', 'to', 'purchase', 'a', 'beautiful', 'gothic', 'seacoast', 'mansion', 'very', 'cheaply', 'is', 'the', ""house's"", 'unsavory', 'past.']",2026-03-17
Gentleman's Agreement,1947,118,7.2,17379,"['Drama', ' Romance']",['Elia Kazan'],"['Gregory Peck', 'Dorothy McGuire', 'John Garfield', 'Celeste Holm']","['A', 'reporter', 'pretends', 'to', 'be', 'Jewish', 'in', 'order', 'to', 'cover', 'a', 'story', 'on', 'anti-Semitism,', 'and', 'personally', 'discovers', 'the', 'true', 'depths', 'of', 'bigotry', 'and', 'hatred.']",2026-03-17
She Wore a Yellow Ribbon,1949,104,7.2,18816,['Western'],['John Ford'],"['John Wayne', 'Joanne Dru', 'John Agar', 'Ben Johnson']","['Captain', 'Nathan', 'Brittles,', 'on', 'the', 'eve', 'of', 'retirement,', 'takes', 'out', 'a', 'last', 'patrol', 'to', 'stop', 'an', 'impending', 'massive', 'Indian', 'attack.', 'Encumbered', 'by', 'women', 'who', 'must', 'be', 'evacuated,', 'Brittles', 'finds', 'his', 'mission', 'imperiled.']",2026-03-17
D.O.A.,1949,83,7.2,12693,"['Crime', ' Drama', ' Film-Noir']",['Rudolph Maté'],"[""Edmond O'Brien"", 'Pamela Britton', 'Luther Adler', 'Beverly Garland']","['Frank', 'Bigelow,', 'told', ""he's"", 'been', 'poisoned', 'and', 'has', 'only', 'a', 'few', 'days', 'to', 'live,', 'tries', 'to', 'find', 'out', 'who', 'killed', 'him', 'and', 'why.']",2026-03-17
Mr. Blandings Builds His Dream House,1948,94,7.2,12426,"['Comedy', ' Romance']",['H.C. Potter'],"['Cary Grant', 'Myrna Loy', 'Melvyn Douglas', 'Reginald Denny']","['A', 'man', 'and', 'his', 'wife', 'decide', 'they', 'can', 'afford', 'to', 'have', 'a', 'house', 'in', 'the', 'country', 'built', 'to', 'their', 'specifications.', ""It's"", 'a', 'lot', 'more', 'trouble', 'than', 'they', 'think.']",2026-03-17
Saboteur,1942,109,7.1,27164,"['Thriller', ' War']",['Alfred Hitchcock'],"['Priscilla Lane', 'Robert Cummings', 'Otto Kruger', 'Alan Baxter']","['A', 'young', 'man', 'accused', 'of', 'sabotage', 'goes', 'on', 'the', 'run', 'to', 'prove', 'his', 'innocence.']",2026-03-17
Woman of the Year,1942,114,7.1,10750,"['Comedy', ' Drama', ' Romance']",['George Stevens'],"['Spencer Tracy', 'Katharine Hepburn', 'Fay Bainter', 'Reginald Owen']","['Rival', 'reporters', 'Sam', 'and', 'Tess', 'fall', 'in', 'love', 'and', 'get', 'married,', 'only', 'to', 'find', 'their', 'relationship', 'strained', 'when', 'Sam', 'comes', 'to', 'resent', ""Tess'"", 'hectic', 'lifestyle.']",2026-03-17
Going My Way,1944,126,7.0,12796,"['Comedy', ' Drama', ' Music']",['Leo McCarey'],"['Bing Crosby', 'Barry Fitzgerald', 'Frank McHugh', 'James Brown']","['When', 'young', 'Father', ""O'Malley"", 'arrives', 'at', 'St.', ""Dominic's,"", 'old', 'Father', 'Fitzgibbon', ""doesn't"", 'think', 'much', 'of', 'the', ""church's"", 'newest', 'member.']",2026-03-17
The Fountainhead,1949,114,7.0,10700,"['Drama', ' Romance']",['King Vidor'],"['Gary Cooper', 'Patricia Neal', 'Raymond Massey', 'Kent Smith']","['An', 'uncompromising,', 'visionary', 'architect', 'struggles', 'to', 'maintain', 'his', 'integrity', 'and', 'individualism', 'despite', 'personal,', 'professional', 'and', 'economic', 'pressures', 'to', 'conform', 'to', 'popular', 'standards.']",2026-03-17
Sands of Iwo Jima,1949,100,7.0,11118,"['Action', ' Drama', ' Romance']",['Allan Dwan'],"['John Wayne', 'John Agar', 'Adele Mara', 'Forrest Tucker']","['Haunted', 'by', 'personal', 'demons,', 'Marine', 'Sgt.', 'John', 'Stryker', 'is', 'hated', 'and', 'feared', 'by', 'his', 'men,', 'who', 'see', 'him', 'as', 'a', 'cold-hearted', 'sadist.', 'But', 'when', 'their', 'boots', 'hit', 'the', 'beaches,', 'they', 'begin', 'to', 'understand', 'the', 'reason', 'for', ""Stryker's"", 'rigid', 'form', 'of', 'discipline.']",2026-03-17
I Walked with a Zombie,1943,69,7.0,13221,"['Drama', ' Fantasy', ' Horror']",['Jacques Tourneur'],"['Frances Dee', 'Tom Conway', 'James Ellison', 'Edith Barrett']","['A', 'nurse', 'is', 'hired', 'to', 'care', 'for', 'the', 'wife', 'of', 'a', 'sugar', 'plantation', 'owner,', 'who', 'has', 'been', 'acting', 'strangely,', 'on', 'a', 'Caribbean', 'island.']",2026-03-17
3 Godfathers,1948,106,7.0,10154,"['Drama', ' Western']",['John Ford'],"['John Wayne', 'Pedro Armendáriz', 'Harry Carey Jr.', 'Ward Bond']","['Three', 'outlaws', 'on', 'the', 'run', 'risk', 'their', 'freedom', 'and', 'their', 'lives', 'to', 'return', 'a', 'newborn', 'to', 'civilization.']",2026-03-17
Song of the South,1946,94,6.9,14862,"['Animation', ' Comedy', ' Family']","['Harve Foster', 'Wilfred Jackson']","['Ruth Warrick', 'Bobby Driscoll', 'James Baskett', 'Luana Patten']","['The', 'kindly', 'story-teller', 'Uncle', 'Remus', 'tells', 'a', 'young', 'boy', 'stories', 'about', 'trickster', ""Br'er"", 'Rabbit,', 'who', 'outwits', ""Br'er"", 'Fox', 'and', 'slow-witted', ""Br'er"", 'Bear.']",2026-03-17
The Adventures of Ichabod and Mr. Toad,1949,68,6.9,17096,"['Animation', ' Comedy', ' Family']","['James Algar', 'Clyde Geronimi', 'Jack Kinney']","['Bing Crosby', 'Basil Rathbone', 'Eric Blore', 'John McLeish']","['An', 'animated', 'adaptation', 'of', '""The', 'Wind', 'in', 'the', 'Willows""', 'followed', 'by', 'an', 'adaptation', 'of', '""The', 'Legend', 'of', 'Sleepy', 'Hollow"".']",2026-03-17
The Paradine Case,1947,125,6.5,12039,"['Crime', ' Drama', ' Romance']",['Alfred Hitchcock'],"['Gregory Peck', 'Ann Todd', 'Charles Laughton', 'Charles Coburn']","['A', 'happily', 'married', 'London', 'barrister', 'falls', 'in', 'love', 'with', 'the', 'accused', 'poisoner', 'he', 'is', 'defending.']",2026-03-17
The Three Caballeros,1944,71,6.3,15089,"['Animation', ' Comedy', ' Family']","['Norman Ferguson', 'Clyde Geronimi', 'Jack Kinney', 'Bill Roberts', 'Harold Young']","['Aurora Miranda', 'Carmen Molina', 'Dora Luz', 'Sterling Holloway']","['Donald', 'receives', 'his', 'birthday', 'gifts,', 'which', 'include', 'traditional', 'gifts', 'and', 'information', 'about', 'Brazil', '(hosted', 'by', 'Zé', 'Carioca)', 'and', 'Mexico', '(by', 'Panchito,', 'a', 'Mexican', 'Charro', 'Rooster).']",2026-03-17
Mr. & Mrs. Smith,1941,95,6.3,11075,"['Comedy', ' Romance']",['Alfred Hitchcock'],"['Carole Lombard', 'Robert Montgomery', 'Gene Raymond', 'Jack Carson']","['A', 'couple', 'who', 'have', 'been', 'married', 'for', 'three', 'years', 'are', 'shocked', 'to', 'learn', 'that', 'their', 'marriage', 'is', 'not', 'legally', 'valid.']",2026-03-17
